2025-10-07,Chicago Blackhawks,Florida Panthers
2025-10-07,Pittsburgh Penguins,New York Rangers
2025-10-07,Colorado Avalanche,Los Angeles Kings
2025-10-08,Montreal Canadiens,Toronto Maple Leafs
2025-10-08,Boston Bruins,Washington Capitals
2025-10-08,Calgary Flames,Edmonton Oilers
2025-10-08,Los Angeles Kings,Vegas Golden Knights
2025-10-09,Chicago Blackhawks,Boston Bruins
2025-10-09,New York Rangers,Buffalo Sabres
2025-10-09,Montreal Canadiens,Detroit Red Wings
2025-10-09,Ottawa Senators,Tampa Bay Lightning
2025-10-09,Philadelphia Flyers,Florida Panthers
2025-10-09,New York Islanders,Pittsburgh Penguins
2025-10-09,New Jersey Devils,Carolina Hurricanes
2025-10-09,Minnesota Wild,St. Louis Blues
2025-10-09,Columbus Blue Jackets,Nashville Predators
2025-10-09,Dallas Stars,Winnipeg Jets
2025-10-09,Utah Mammoth,Colorado Avalanche
2025-10-09,Calgary Flames,Vancouver Canucks
2025-10-09,Vegas Golden Knights,San Jose Sharks
2025-10-09,Anaheim Ducks,Seattle Kraken
2025-10-11,Los Angeles Kings,Winnipeg Jets
2025-10-11,St. Louis Blues,Calgary Flames
2025-10-11,Buffalo Sabres,Boston Bruins
2025-10-11,Toronto Maple Leafs,Detroit Red Wings
2025-10-11,New Jersey Devils,Tampa Bay Lightning
2025-10-11,Ottawa Senators,Florida Panthers
2025-10-11,Washington Capitals,New York Islanders
2025-10-11,New York Rangers,Pittsburgh Penguins
2025-10-11,Philadelphia Flyers,Carolina Hurricanes
2025-10-11,Montreal Canadiens,Chicago Blackhawks
2025-10-11,Utah Mammoth,Nashville Predators
2025-10-11,Columbus Blue Jackets,Minnesota Wild
2025-10-11,Dallas Stars,Colorado Avalanche
2025-10-11,Vancouver Canucks,Edmonton Oilers
2025-10-11,Anaheim Ducks,San Jose Sharks
2025-10-11,Vegas Golden Knights,Seattle Kraken
2025-10-12,Washington Capitals,New York Rangers
2025-10-13,Colorado Avalanche,Buffalo Sabres
2025-10-13,Tampa Bay Lightning,Boston Bruins
2025-10-13,Nashville Predators,Ottawa Senators
2025-10-13,Winnipeg Jets,New York Islanders
2025-10-13,Detroit Red Wings,Toronto Maple Leafs
2025-10-13,Florida Panthers,Philadelphia Flyers
2025-10-13,New Jersey Devils,Columbus Blue Jackets
2025-10-13,St. Louis Blues,Vancouver Canucks
2025-10-13,Los Angeles Kings,Minnesota Wild
2025-10-13,Utah Mammoth,Chicago Blackhawks
2025-10-14,Nashville Predators,Toronto Maple Leafs
2025-10-14,Seattle Kraken,Montreal Canadiens
2025-10-14,Edmonton Oilers,New York Rangers
2025-10-14,Tampa Bay Lightning,Washington Capitals
2025-10-14,Vegas Golden Knights,Calgary Flames
2025-10-14,Minnesota Wild,Dallas Stars
2025-10-14,Carolina Hurricanes,San Jose Sharks
2025-10-14,Pittsburgh Penguins,Anaheim Ducks
2025-10-15,Ottawa Senators,Buffalo Sabres
2025-10-15,Florida Panthers,Detroit Red Wings
2025-10-15,Chicago Blackhawks,St. Louis Blues
2025-10-15,Calgary Flames,Utah Mammoth
2025-10-16,New York Rangers,Toronto Maple Leafs
2025-10-16,Nashville Predators,Montreal Canadiens
2025-10-16,Seattle Kraken,Ottawa Senators
2025-10-16,Florida Panthers,New Jersey Devils
2025-10-16,Edmonton Oilers,New York Islanders
2025-10-16,Winnipeg Jets,Philadelphia Flyers
2025-10-16,Colorado Avalanche,Columbus Blue Jackets
2025-10-16,Vancouver Canucks,Dallas Stars
2025-10-16,Boston Bruins,Vegas Golden Knights
2025-10-16,Carolina Hurricanes,Anaheim Ducks
2025-10-16,Pittsburgh Penguins,Los Angeles Kings
2025-10-17,Tampa Bay Lightning,Detroit Red Wings
2025-10-17,Minnesota Wild,Washington Capitals
2025-10-17,Vancouver Canucks,Chicago Blackhawks
2025-10-17,San Jose Sharks,Utah Mammoth
2025-10-18,Florida Panthers,Buffalo Sabres
2025-10-18,New York Islanders,Ottawa Senators
2025-10-18,Edmonton Oilers,New Jersey Devils
2025-10-18,Seattle Kraken,Toronto Maple Leafs
2025-10-18,New York Rangers,Montreal Canadiens
2025-10-18,Minnesota Wild,Philadelphia Flyers
2025-10-18,Tampa Bay Lightning,Columbus Blue Jackets
2025-10-18,Dallas Stars,St. Louis Blues
2025-10-18,Nashville Predators,Winnipeg Jets
2025-10-18,Boston Bruins,Colorado Avalanche
2025-10-18,Carolina Hurricanes,Los Angeles Kings
2025-10-18,Calgary Flames,Vegas Golden Knights
2025-10-18,Pittsburgh Penguins,San Jose Sharks
2025-10-19,Vancouver Canucks,Washington Capitals
2025-10-19,Edmonton Oilers,Detroit Red Wings
2025-10-19,Anaheim Ducks,Chicago Blackhawks
2025-10-19,Boston Bruins,Utah Mammoth
2025-10-20,Minnesota Wild,New York Rangers
2025-10-20,Seattle Kraken,Philadelphia Flyers
2025-10-20,Buffalo Sabres,Montreal Canadiens
2025-10-20,Winnipeg Jets,Calgary Flames
2025-10-20,Carolina Hurricanes,Vegas Golden Knights
2025-10-21,New Jersey Devils,Toronto Maple Leafs
2025-10-21,Edmonton Oilers,Ottawa Senators
2025-10-21,San Jose Sharks,New York Islanders
2025-10-21,Vancouver Canucks,Pittsburgh Penguins
2025-10-21,Seattle Kraken,Washington Capitals
2025-10-21,Florida Panthers,Boston Bruins
2025-10-21,Los Angeles Kings,St. Louis Blues
2025-10-21,Anaheim Ducks,Nashville Predators
2025-10-21,Columbus Blue Jackets,Dallas Stars
2025-10-21,Colorado Avalanche,Utah Mammoth
2025-10-22,Minnesota Wild,New Jersey Devils
2025-10-22,Detroit Red Wings,Buffalo Sabres
2025-10-22,Montreal Canadiens,Calgary Flames
2025-10-23,Anaheim Ducks,Boston Bruins
2025-10-23,Philadelphia Flyers,Ottawa Senators
2025-10-23,Chicago Blackhawks,Tampa Bay Lightning
2025-10-23,Pittsburgh Penguins,Florida Panthers
2025-10-23,Detroit Red Wings,New York Islanders
2025-10-23,San Jose Sharks,New York Rangers
2025-10-23,Utah Mammoth,St. Louis Blues
2025-10-23,Vancouver Canucks,Nashville Predators
2025-10-23,Los Angeles Kings,Dallas Stars
2025-10-23,Seattle Kraken,Winnipeg Jets
2025-10-23,Carolina Hurricanes,Colorado Avalanche
2025-10-23,Montreal Canadiens,Edmonton Oilers
2025-10-24,Toronto Maple Leafs,Buffalo Sabres
2025-10-24,San Jose Sharks,New Jersey Devils
2025-10-24,Washington Capitals,Columbus Blue Jackets
2025-10-24,Calgary Flames,Winnipeg Jets
2025-10-25,New York Islanders,Philadelphia Flyers
2025-10-25,Colorado Avalanche,Boston Bruins
2025-10-25,Anaheim Ducks,Tampa Bay Lightning
2025-10-25,Vegas Golden Knights,Florida Panthers
2025-10-25,Utah Mammoth,Minnesota Wild
2025-10-25,Buffalo Sabres,Toronto Maple Leafs
2025-10-25,St. Louis Blues,Detroit Red Wings
2025-10-25,Columbus Blue Jackets,Pittsburgh Penguins
2025-10-25,Ottawa Senators,Washington Capitals
2025-10-25,Montreal Canadiens,Vancouver Canucks
2025-10-25,Los Angeles Kings,Nashville Predators
2025-10-25,Carolina Hurricanes,Dallas Stars
2025-10-25,Edmonton Oilers,Seattle Kraken
2025-10-26,Colorado Avalanche,New Jersey Devils
2025-10-26,Vegas Golden Knights,Tampa Bay Lightning
2025-10-26,San Jose Sharks,Minnesota Wild
2025-10-26,Utah Mammoth,Winnipeg Jets
2025-10-26,Los Angeles Kings,Chicago Blackhawks
2025-10-26,Dallas Stars,Nashville Predators
2025-10-26,New York Rangers,Calgary Flames
2025-10-26,Edmonton Oilers,Vancouver Canucks
2025-10-27,St. Louis Blues,Pittsburgh Penguins
2025-10-27,Boston Bruins,Ottawa Senators
2025-10-28,Pittsburgh Penguins,Philadelphia Flyers
2025-10-28,Calgary Flames,Toronto Maple Leafs
2025-10-28,Columbus Blue Jackets,Buffalo Sabres
2025-10-28,Anaheim Ducks,Florida Panthers
2025-10-28,New York Islanders,Boston Bruins
2025-10-28,Vegas Golden Knights,Carolina Hurricanes
2025-10-28,Tampa Bay Lightning,Nashville Predators
2025-10-28,Winnipeg Jets,Minnesota Wild
2025-10-28,Detroit Red Wings,St. Louis Blues
2025-10-28,Washington Capitals,Dallas Stars
2025-10-28,Ottawa Senators,Chicago Blackhawks
2025-10-28,New Jersey Devils,Colorado Avalanche
2025-10-28,Utah Mammoth,Edmonton Oilers
2025-10-28,New York Rangers,Vancouver Canucks
2025-10-28,Montreal Canadiens,Seattle Kraken
2025-10-28,Los Angeles Kings,San Jose Sharks
2025-10-29,Toronto Maple Leafs,Columbus Blue Jackets
2025-10-30,Buffalo Sabres,Boston Bruins
2025-10-30,Calgary Flames,Ottawa Senators
2025-10-30,Dallas Stars,Tampa Bay Lightning
2025-10-30,Nashville Predators,Philadelphia Flyers
2025-10-30,New York Islanders,Carolina Hurricanes
2025-10-30,Vancouver Canucks,St. Louis Blues
2025-10-30,Pittsburgh Penguins,Minnesota Wild
2025-10-30,Chicago Blackhawks,Winnipeg Jets
2025-10-30,New York Rangers,Edmonton Oilers
2025-10-30,New Jersey Devils,San Jose Sharks
2025-10-30,Detroit Red Wings,Los Angeles Kings
2025-10-31,Colorado Avalanche,Vegas Golden Knights
2025-10-31,New York Islanders,Washington Capitals
2025-10-31,Detroit Red Wings,Anaheim Ducks
2025-11-01,Carolina Hurricanes,Boston Bruins
2025-11-01,Pittsburgh Penguins,Winnipeg Jets
2025-11-01,Calgary Flames,Nashville Predators
2025-11-01,Colorado Avalanche,San Jose Sharks
2025-11-01,Dallas Stars,Florida Panthers
2025-11-01,Washington Capitals,Buffalo Sabres
2025-11-01,Ottawa Senators,Montreal Canadiens
2025-11-01,Toronto Maple Leafs,Philadelphia Flyers
2025-11-01,St. Louis Blues,Columbus Blue Jackets
2025-11-01,Vancouver Canucks,Minnesota Wild
2025-11-01,New Jersey Devils,Los Angeles Kings
2025-11-01,Chicago Blackhawks,Edmonton Oilers
2025-11-01,New York Rangers,Seattle Kraken
2025-11-02,Tampa Bay Lightning,Utah Mammoth
2025-11-02,Columbus Blue Jackets,New York Islanders
2025-11-02,Calgary Flames,Philadelphia Flyers
2025-11-02,New Jersey Devils,Anaheim Ducks
2025-11-02,Detroit Red Wings,San Jose Sharks
2025-11-03,Pittsburgh Penguins,Toronto Maple Leafs
2025-11-03,Edmonton Oilers,St. Louis Blues
2025-11-03,Vancouver Canucks,Nashville Predators
2025-11-03,Chicago Blackhawks,Seattle Kraken
2025-11-04,Utah Mammoth,Buffalo Sabres
2025-11-04,Philadelphia Flyers,Montreal Canadiens
2025-11-04,Boston Bruins,New York Islanders
2025-11-04,Carolina Hurricanes,New York Rangers
2025-11-04,Edmonton Oilers,Dallas Stars
2025-11-04,Nashville Predators,Minnesota Wild
2025-11-04,Tampa Bay Lightning,Colorado Avalanche
2025-11-04,Detroit Red Wings,Vegas Golden Knights
2025-11-04,Florida Panthers,Anaheim Ducks
2025-11-04,Winnipeg Jets,Los Angeles Kings
2025-11-05,Utah Mammoth,Toronto Maple Leafs
2025-11-05,St. Louis Blues,Washington Capitals
2025-11-05,Columbus Blue Jackets,Calgary Flames
2025-11-05,Chicago Blackhawks,Vancouver Canucks
2025-11-05,San Jose Sharks,Seattle Kraken
2025-11-06,Ottawa Senators,Boston Bruins
2025-11-06,St. Louis Blues,Buffalo Sabres
2025-11-06,Montreal Canadiens,New Jersey Devils
2025-11-06,Washington Capitals,Pittsburgh Penguins
2025-11-06,Minnesota Wild,Carolina Hurricanes
2025-11-06,Philadelphia Flyers,Nashville Predators
2025-11-06,Anaheim Ducks,Dallas Stars
2025-11-06,Tampa Bay Lightning,Vegas Golden Knights
2025-11-06,Florida Panthers,Los Angeles Kings
2025-11-07,New York Rangers,Detroit Red Wings
2025-11-07,Minnesota Wild,New York Islanders
2025-11-07,Chicago Blackhawks,Calgary Flames
2025-11-07,Winnipeg Jets,San Jose Sharks
2025-11-08,Pittsburgh Penguins,New Jersey Devils
2025-11-08,Ottawa Senators,Philadelphia Flyers
2025-11-08,Dallas Stars,Nashville Predators
2025-11-08,Boston Bruins,Toronto Maple Leafs
2025-11-08,Utah Mammoth,Montreal Canadiens
2025-11-08,Washington Capitals,Tampa Bay Lightning
2025-11-08,New York Islanders,New York Rangers
2025-11-08,Buffalo Sabres,Carolina Hurricanes
2025-11-08,Seattle Kraken,St. Louis Blues
2025-11-08,Colorado Avalanche,Edmonton Oilers
2025-11-08,Columbus Blue Jackets,Vancouver Canucks
2025-11-08,Anaheim Ducks,Vegas Golden Knights
2025-11-08,Florida Panthers,San Jose Sharks
2025-11-09,Chicago Blackhawks,Detroit Red Wings
2025-11-09,Los Angeles Kings,Pittsburgh Penguins
2025-11-09,Carolina Hurricanes,Toronto Maple Leafs
2025-11-09,Utah Mammoth,Ottawa Senators
2025-11-09,Seattle Kraken,Dallas Stars
2025-11-09,Calgary Flames,Minnesota Wild
2025-11-09,Colorado Avalanche,Vancouver Canucks
2025-11-09,Winnipeg Jets,Anaheim Ducks
2025-11-10,New York Islanders,New Jersey Devils
2025-11-10,Nashville Predators,New York Rangers
2025-11-10,Columbus Blue Jackets,Edmonton Oilers
2025-11-10,Florida Panthers,Vegas Golden Knights
2025-11-11,Toronto Maple Leafs,Boston Bruins
2025-11-11,Los Angeles Kings,Montreal Canadiens
2025-11-11,Dallas Stars,Ottawa Senators
2025-11-11,Washington Capitals,Carolina Hurricanes
2025-11-11,Calgary Flames,St. Louis Blues
2025-11-11,San Jose Sharks,Minnesota Wild
2025-11-11,Anaheim Ducks,Colorado Avalanche
2025-11-11,Winnipeg Jets,Vancouver Canucks
2025-11-11,Columbus Blue Jackets,Seattle Kraken
2025-11-12,New York Rangers,Tampa Bay Lightning
2025-11-12,Edmonton Oilers,Philadelphia Flyers
2025-11-12,Buffalo Sabres,Utah Mammoth
2025-11-12,New Jersey Devils,Chicago Blackhawks
2025-11-13,Los Angeles Kings,Toronto Maple Leafs
2025-11-13,Dallas Stars,Montreal Canadiens
2025-11-13,Boston Bruins,Ottawa Senators
2025-11-13,Anaheim Ducks,Detroit Red Wings
2025-11-13,Washington Capitals,Florida Panthers
2025-11-13,Edmonton Oilers,Columbus Blue Jackets
2025-11-13,Buffalo Sabres,Colorado Avalanche
2025-11-13,San Jose Sharks,Calgary Flames
2025-11-13,New York Islanders,Vegas Golden Knights
2025-11-13,Winnipeg Jets,Seattle Kraken
2025-11-14,Pittsburgh Penguins,Nashville Predators
2025-11-14,Vancouver Canucks,Carolina Hurricanes
2025-11-14,Philadelphia Flyers,St. Louis Blues
2025-11-14,New York Islanders,Utah Mammoth
2025-11-15,Tampa Bay Lightning,Florida Panthers
2025-11-15,Anaheim Ducks,Minnesota Wild
2025-11-15,Boston Bruins,Montreal Canadiens
2025-11-15,Los Angeles Kings,Ottawa Senators
2025-11-15,Buffalo Sabres,Detroit Red Wings
2025-11-15,New Jersey Devils,Washington Capitals
2025-11-15,Edmonton Oilers,Carolina Hurricanes
2025-11-15,New York Rangers,Columbus Blue Jackets
2025-11-15,Toronto Maple Leafs,Chicago Blackhawks
2025-11-15,Vegas Golden Knights,St. Louis Blues
2025-11-15,Philadelphia Flyers,Dallas Stars
2025-11-15,Winnipeg Jets,Calgary Flames
2025-11-15,San Jose Sharks,Seattle Kraken
2025-11-16,Nashville Predators,Pittsburgh Penguins
2025-11-16,Vancouver Canucks,Tampa Bay Lightning
2025-11-16,Vegas Golden Knights,Minnesota Wild
2025-11-16,Detroit Red Wings,New York Rangers
2025-11-16,New York Islanders,Colorado Avalanche
2025-11-17,Carolina Hurricanes,Boston Bruins
2025-11-17,Edmonton Oilers,Buffalo Sabres
2025-11-17,Vancouver Canucks,Florida Panthers
2025-11-17,Los Angeles Kings,Washington Capitals
2025-11-17,Montreal Canadiens,Columbus Blue Jackets
2025-11-17,Utah Mammoth,Anaheim Ducks
2025-11-18,St. Louis Blues,Toronto Maple Leafs
2025-11-18,Seattle Kraken,Detroit Red Wings
2025-11-18,New Jersey Devils,Tampa Bay Lightning
2025-11-18,New York Islanders,Dallas Stars
2025-11-18,Columbus Blue Jackets,Winnipeg Jets
2025-11-18,Calgary Flames,Chicago Blackhawks
2025-11-18,New York Rangers,Vegas Golden Knights
2025-11-18,Utah Mammoth,San Jose Sharks
2025-11-19,Edmonton Oilers,Washington Capitals
2025-11-19,Calgary Flames,Buffalo Sabres
2025-11-19,Carolina Hurricanes,Minnesota Wild
2025-11-19,Boston Bruins,Anaheim Ducks
2025-11-20,Columbus Blue Jackets,Toronto Maple Leafs
2025-11-20,Washington Capitals,Montreal Canadiens
2025-11-20,New York Islanders,Detroit Red Wings
2025-11-20,Edmonton Oilers,Tampa Bay Lightning
2025-11-20,New Jersey Devils,Florida Panthers
2025-11-20,St. Louis Blues,Philadelphia Flyers
2025-11-20,Seattle Kraken,Chicago Blackhawks
2025-11-20,New York Rangers,Colorado Avalanche
2025-11-20,Vegas Golden Knights,Utah Mammoth
2025-11-20,Dallas Stars,Vancouver Canucks
2025-11-20,Ottawa Senators,Anaheim Ducks
2025-11-20,Los Angeles Kings,San Jose Sharks
2025-11-21,Chicago Blackhawks,Buffalo Sabres
2025-11-21,Minnesota Wild,Pittsburgh Penguins
2025-11-21,Carolina Hurricanes,Winnipeg Jets
2025-11-21,Boston Bruins,Los Angeles Kings
2025-11-22,Columbus Blue Jackets,Detroit Red Wings
2025-11-22,St. Louis Blues,New York Islanders
2025-11-22,Toronto Maple Leafs,Montreal Canadiens
2025-11-22,Edmonton Oilers,Florida Panthers
2025-11-22,New Jersey Devils,Philadelphia Flyers
2025-11-22,Seattle Kraken,Pittsburgh Penguins
2025-11-22,Tampa Bay Lightning,Washington Capitals
2025-11-22,Ottawa Senators,San Jose Sharks
2025-11-22,Colorado Avalanche,Nashville Predators
2025-11-22,New York Rangers,Utah Mammoth
2025-11-22,Dallas Stars,Calgary Flames
2025-11-22,Vegas Golden Knights,Anaheim Ducks
2025-11-23,Carolina Hurricanes,Buffalo Sabres
2025-11-23,Minnesota Wild,Winnipeg Jets
2025-11-23,Seattle Kraken,New York Islanders
2025-11-23,Colorado Avalanche,Chicago Blackhawks
2025-11-23,Boston Bruins,San Jose Sharks
2025-11-23,Calgary Flames,Vancouver Canucks
2025-11-24,Philadelphia Flyers,Tampa Bay Lightning
2025-11-24,Detroit Red Wings,New Jersey Devils
2025-11-24,St. Louis Blues,New York Rangers
2025-11-24,Columbus Blue Jackets,Washington Capitals
2025-11-24,Florida Panthers,Nashville Predators
2025-11-24,Vegas Golden Knights,Utah Mammoth
2025-11-24,Ottawa Senators,Los Angeles Kings
2025-11-25,Dallas Stars,Edmonton Oilers
2025-11-26,Nashville Predators,Detroit Red Wings
2025-11-26,Calgary Flames,Tampa Bay Lightning
2025-11-26,Philadelphia Flyers,Florida Panthers
2025-11-26,St. Louis Blues,New Jersey Devils
2025-11-26,Boston Bruins,New York Islanders
2025-11-26,Buffalo Sabres,Pittsburgh Penguins
2025-11-26,Winnipeg Jets,Washington Capitals
2025-11-26,New York Rangers,Carolina Hurricanes
2025-11-26,Toronto Maple Leafs,Columbus Blue Jackets
2025-11-26,Minnesota Wild,Chicago Blackhawks
2025-11-26,San Jose Sharks,Colorado Avalanche
2025-11-26,Montreal Canadiens,Utah Mammoth
2025-11-26,Ottawa Senators,Vegas Golden Knights
2025-11-26,Vancouver Canucks,Anaheim Ducks
2025-11-26,Dallas Stars,Seattle Kraken
2025-11-28,New York Rangers,Boston Bruins
2025-11-28,Tampa Bay Lightning,Detroit Red Wings
2025-11-28,Colorado Avalanche,Minnesota Wild
2025-11-28,New Jersey Devils,Buffalo Sabres
2025-11-28,Calgary Flames,Florida Panthers
2025-11-28,Philadelphia Flyers,New York Islanders
2025-11-28,Ottawa Senators,St. Louis Blues
2025-11-28,Montreal Canadiens,Vegas Golden Knights
2025-11-28,Los Angeles Kings,Anaheim Ducks
2025-11-28,Vancouver Canucks,San Jose Sharks
2025-11-28,Toronto Maple Leafs,Washington Capitals
2025-11-28,Winnipeg Jets,Carolina Hurricanes
2025-11-28,Pittsburgh Penguins,Columbus Blue Jackets
2025-11-28,Nashville Predators,Chicago Blackhawks
2025-11-28,Utah Mammoth,Dallas Stars
2025-11-29,Tampa Bay Lightning,New York Rangers
2025-11-29,Montreal Canadiens,Colorado Avalanche
2025-11-29,Edmonton Oilers,Seattle Kraken
2025-11-29,Detroit Red Wings,Boston Bruins
2025-11-29,Philadelphia Flyers,New Jersey Devils
2025-11-29,Toronto Maple Leafs,Pittsburgh Penguins
2025-11-29,Winnipeg Jets,Nashville Predators
2025-11-29,Utah Mammoth,St. Louis Blues
2025-11-29,Buffalo Sabres,Minnesota Wild
2025-11-29,San Jose Sharks,Vegas Golden Knights
2025-11-29,Vancouver Canucks,Los Angeles Kings
2025-11-30,Washington Capitals,New York Islanders
2025-11-30,Anaheim Ducks,Chicago Blackhawks
2025-11-30,Calgary Flames,Carolina Hurricanes
2025-11-30,Ottawa Senators,Dallas Stars
2025-12-01,Columbus Blue Jackets,New Jersey Devils
2025-12-01,Pittsburgh Penguins,Philadelphia Flyers
2025-12-01,Winnipeg Jets,Buffalo Sabres
2025-12-01,Anaheim Ducks,St. Louis Blues
2025-12-01,Utah Mammoth,San Jose Sharks
2025-12-02,Ottawa Senators,Montreal Canadiens
2025-12-02,Boston Bruins,Detroit Red Wings
2025-12-02,Toronto Maple Leafs,Florida Panthers
2025-12-02,Tampa Bay Lightning,New York Islanders
2025-12-02,Dallas Stars,New York Rangers
2025-12-02,Calgary Flames,Nashville Predators
2025-12-02,Vancouver Canucks,Colorado Avalanche
2025-12-02,Minnesota Wild,Edmonton Oilers
2025-12-02,Chicago Blackhawks,Vegas Golden Knights
2025-12-02,Washington Capitals,Los Angeles Kings
2025-12-03,Dallas Stars,New Jersey Devils
2025-12-03,Winnipeg Jets,Montreal Canadiens
2025-12-03,Buffalo Sabres,Philadelphia Flyers
2025-12-03,Utah Mammoth,Anaheim Ducks
2025-12-03,Washington Capitals,San Jose Sharks
2025-12-04,St. Louis Blues,Boston Bruins
2025-12-04,New York Rangers,Ottawa Senators
2025-12-04,Pittsburgh Penguins,Tampa Bay Lightning
2025-12-04,Nashville Predators,Florida Panthers
2025-12-04,Colorado Avalanche,New York Islanders
2025-12-04,Toronto Maple Leafs,Carolina Hurricanes
2025-12-04,Detroit Red Wings,Columbus Blue Jackets
2025-12-04,Minnesota Wild,Calgary Flames
2025-12-04,Seattle Kraken,Edmonton Oilers
2025-12-04,Chicago Blackhawks,Los Angeles Kings
2025-12-05,Vegas Golden Knights,New Jersey Devils
2025-12-05,Buffalo Sabres,Winnipeg Jets
2025-12-05,San Jose Sharks,Dallas Stars
2025-12-05,Utah Mammoth,Vancouver Canucks
2025-12-05,Washington Capitals,Anaheim Ducks
2025-12-06,Colorado Avalanche,New York Rangers
2025-12-06,Columbus Blue Jackets,Florida Panthers
2025-12-06,New Jersey Devils,Boston Bruins
2025-12-06,Montreal Canadiens,Toronto Maple Leafs
2025-12-06,St. Louis Blues,Ottawa Senators
2025-12-06,New York Islanders,Tampa Bay Lightning
2025-12-06,Nashville Predators,Carolina Hurricanes
2025-12-06,Utah Mammoth,Calgary Flames
2025-12-06,Chicago Blackhawks,Los Angeles Kings
2025-12-06,Winnipeg Jets,Edmonton Oilers
2025-12-06,Minnesota Wild,Vancouver Canucks
2025-12-06,Detroit Red Wings,Seattle Kraken
2025-12-07,Colorado Avalanche,Philadelphia Flyers
2025-12-07,New York Islanders,Florida Panthers
2025-12-07,San Jose Sharks,Carolina Hurricanes
2025-12-07,Pittsburgh Penguins,Dallas Stars
2025-12-07,St. Louis Blues,Montreal Canadiens
2025-12-07,Vegas Golden Knights,New York Rangers
2025-12-07,Columbus Blue Jackets,Washington Capitals
2025-12-07,Chicago Blackhawks,Anaheim Ducks
2025-12-08,Tampa Bay Lightning,Toronto Maple Leafs
2025-12-08,Los Angeles Kings,Utah Mammoth
2025-12-08,Buffalo Sabres,Calgary Flames
2025-12-08,Detroit Red Wings,Vancouver Canucks
2025-12-08,Minnesota Wild,Seattle Kraken
2025-12-09,Tampa Bay Lightning,Montreal Canadiens
2025-12-09,New Jersey Devils,Ottawa Senators
2025-12-09,Vegas Golden Knights,New York Islanders
2025-12-09,San Jose Sharks,Philadelphia Flyers
2025-12-09,Anaheim Ducks,Pittsburgh Penguins
2025-12-09,Columbus Blue Jackets,Carolina Hurricanes
2025-12-09,Boston Bruins,St. Louis Blues
2025-12-09,Dallas Stars,Winnipeg Jets
2025-12-09,Buffalo Sabres,Edmonton Oilers
2025-12-09,Colorado Avalanche,Nashville Predators
2025-12-10,New York Rangers,Chicago Blackhawks
2025-12-10,Detroit Red Wings,Calgary Flames
2025-12-10,Florida Panthers,Utah Mammoth
2025-12-10,Los Angeles Kings,Seattle Kraken
2025-12-11,San Jose Sharks,Toronto Maple Leafs
2025-12-11,Tampa Bay Lightning,New Jersey Devils
2025-12-11,Anaheim Ducks,New York Islanders
2025-12-11,Vegas Golden Knights,Philadelphia Flyers
2025-12-11,Montreal Canadiens,Pittsburgh Penguins
2025-12-11,Carolina Hurricanes,Washington Capitals
2025-12-11,Ottawa Senators,Columbus Blue Jackets
2025-12-11,St. Louis Blues,Nashville Predators
2025-12-11,Dallas Stars,Minnesota Wild
2025-12-11,Boston Bruins,Winnipeg Jets
2025-12-11,Florida Panthers,Colorado Avalanche
2025-12-11,Detroit Red Wings,Edmonton Oilers
2025-12-11,Buffalo Sabres,Vancouver Canucks
2025-12-12,Chicago Blackhawks,St. Louis Blues
2025-12-12,Seattle Kraken,Utah Mammoth
2025-12-13,Anaheim Ducks,New Jersey Devils
2025-12-13,Ottawa Senators,Minnesota Wild
2025-12-13,San Jose Sharks,Pittsburgh Penguins
2025-12-13,Tampa Bay Lightning,New York Islanders
2025-12-13,Edmonton Oilers,Toronto Maple Leafs
2025-12-13,Montreal Canadiens,New York Rangers
2025-12-13,Carolina Hurricanes,Philadelphia Flyers
2025-12-13,Vegas Golden Knights,Columbus Blue Jackets
2025-12-13,Washington Capitals,Winnipeg Jets
2025-12-13,Detroit Red Wings,Chicago Blackhawks
2025-12-13,Florida Panthers,Dallas Stars
2025-12-13,Nashville Predators,Colorado Avalanche
2025-12-13,Calgary Flames,Los Angeles Kings
2025-12-14,Vancouver Canucks,New Jersey Devils
2025-12-14,Utah Mammoth,Pittsburgh Penguins
2025-12-14,Philadelphia Flyers,Carolina Hurricanes
2025-12-14,Boston Bruins,Minnesota Wild
2025-12-14,Edmonton Oilers,Montreal Canadiens
2025-12-14,Buffalo Sabres,Seattle Kraken
2025-12-15,Florida Panthers,Tampa Bay Lightning
2025-12-15,Anaheim Ducks,New York Rangers
2025-12-15,Ottawa Senators,Winnipeg Jets
2025-12-15,Nashville Predators,St. Louis Blues
2025-12-15,Los Angeles Kings,Dallas Stars
2025-12-16,Utah Mammoth,Boston Bruins
2025-12-16,Chicago Blackhawks,Toronto Maple Leafs
2025-12-16,Philadelphia Flyers,Montreal Canadiens
2025-12-16,New York Islanders,Detroit Red Wings
2025-12-16,Vancouver Canucks,New York Rangers
2025-12-16,Edmonton Oilers,Pittsburgh Penguins
2025-12-16,Anaheim Ducks,Columbus Blue Jackets
2025-12-16,Washington Capitals,Minnesota Wild
2025-12-16,Calgary Flames,San Jose Sharks
2025-12-16,Colorado Avalanche,Seattle Kraken
2025-12-17,Los Angeles Kings,Florida Panthers
2025-12-17,Utah Mammoth,Detroit Red Wings
2025-12-17,Winnipeg Jets,St. Louis Blues
2025-12-17,Carolina Hurricanes,Nashville Predators
2025-12-17,New Jersey Devils,Vegas Golden Knights
2025-12-18,Edmonton Oilers,Boston Bruins
2025-12-18,Philadelphia Flyers,Buffalo Sabres
2025-12-18,Chicago Blackhawks,Montreal Canadiens
2025-12-18,Pittsburgh Penguins,Ottawa Senators
2025-12-18,Los Angeles Kings,Tampa Bay Lightning
2025-12-18,Toronto Maple Leafs,Washington Capitals
2025-12-18,Minnesota Wild,Columbus Blue Jackets
2025-12-18,New York Rangers,St. Louis Blues
2025-12-18,Seattle Kraken,Calgary Flames
2025-12-18,Dallas Stars,San Jose Sharks
2025-12-19,Carolina Hurricanes,Florida Panthers
2025-12-19,Vancouver Canucks,New York Islanders
2025-12-19,Winnipeg Jets,Colorado Avalanche
2025-12-19,New Jersey Devils,Utah Mammoth
2025-12-19,Dallas Stars,Anaheim Ducks
2025-12-20,Philadelphia Flyers,New York Rangers
2025-12-20,Detroit Red Wings,Washington Capitals
2025-12-20,Chicago Blackhawks,Ottawa Senators
2025-12-20,Edmonton Oilers,Minnesota Wild
2025-12-20,New York Islanders,Buffalo Sabres
2025-12-20,St. Louis Blues,Florida Panthers
2025-12-20,Vancouver Canucks,Boston Bruins
2025-12-20,Pittsburgh Penguins,Montreal Canadiens
2025-12-20,Carolina Hurricanes,Tampa Bay Lightning
2025-12-20,Toronto Maple Leafs,Nashville Predators
2025-12-20,Vegas Golden Knights,Calgary Flames
2025-12-20,Columbus Blue Jackets,Anaheim Ducks
2025-12-20,Seattle Kraken,San Jose Sharks
2025-12-21,Washington Capitals,Detroit Red Wings
2025-12-21,Colorado Avalanche,Minnesota Wild
2025-12-21,Ottawa Senators,Boston Bruins
2025-12-21,Buffalo Sabres,New Jersey Devils
2025-12-21,Montreal Canadiens,Pittsburgh Penguins
2025-12-21,New York Rangers,Nashville Predators
2025-12-21,Toronto Maple Leafs,Dallas Stars
2025-12-21,Winnipeg Jets,Utah Mammoth
2025-12-21,Vegas Golden Knights,Edmonton Oilers
2025-12-22,St. Louis Blues,Tampa Bay Lightning
2025-12-22,Vancouver Canucks,Philadelphia Flyers
2025-12-22,Seattle Kraken,Anaheim Ducks
2025-12-22,Columbus Blue Jackets,Los Angeles Kings
2025-12-23,Pittsburgh Penguins,Toronto Maple Leafs
2025-12-23,New York Rangers,Washington Capitals
2025-12-23,Montreal Canadiens,Boston Bruins
2025-12-23,Buffalo Sabres,Ottawa Senators
2025-12-23,Dallas Stars,Detroit Red Wings
2025-12-23,New Jersey Devils,New York Islanders
2025-12-23,Florida Panthers,Carolina Hurricanes
2025-12-23,Nashville Predators,Minnesota Wild
2025-12-23,Philadelphia Flyers,Chicago Blackhawks
2025-12-23,Utah Mammoth,Colorado Avalanche
2025-12-23,Calgary Flames,Edmonton Oilers
2025-12-23,San Jose Sharks,Vegas Golden Knights
2025-12-23,Seattle Kraken,Los Angeles Kings
2025-12-27,New York Rangers,New York Islanders
2025-12-27,Boston Bruins,Buffalo Sabres
2025-12-27,Ottawa Senators,Toronto Maple Leafs
2025-12-27,Tampa Bay Lightning,Florida Panthers
2025-12-27,Washington Capitals,New Jersey Devils
2025-12-27,Detroit Red Wings,Carolina Hurricanes
2025-12-27,Minnesota Wild,Winnipeg Jets
2025-12-27,Nashville Predators,St. Louis Blues
2025-12-27,Chicago Blackhawks,Dallas Stars
2025-12-27,Anaheim Ducks,Los Angeles Kings
2025-12-27,Edmonton Oilers,Calgary Flames
2025-12-27,San Jose Sharks,Vancouver Canucks
2025-12-27,Colorado Avalanche,Vegas Golden Knights
2025-12-28,Toronto Maple Leafs,Detroit Red Wings
2025-12-28,Montreal Canadiens,Tampa Bay Lightning
2025-12-28,New York Islanders,Columbus Blue Jackets
2025-12-28,Pittsburgh Penguins,Chicago Blackhawks
2025-12-28,Philadelphia Flyers,Seattle Kraken
2025-12-29,Columbus Blue Jackets,Ottawa Senators
2025-12-29,Washington Capitals,Florida Panthers
2025-12-29,New York Rangers,Carolina Hurricanes
2025-12-29,Edmonton Oilers,Winnipeg Jets
2025-12-29,Buffalo Sabres,St. Louis Blues
2025-12-29,Los Angeles Kings,Colorado Avalanche
2025-12-29,Nashville Predators,Utah Mammoth
2025-12-29,Boston Bruins,Calgary Flames
2025-12-29,Minnesota Wild,Vegas Golden Knights
2025-12-29,San Jose Sharks,Anaheim Ducks
2025-12-29,Vancouver Canucks,Seattle Kraken
2025-12-30,New Jersey Devils,Toronto Maple Leafs
2025-12-30,Montreal Canadiens,Florida Panthers
2025-12-30,Carolina Hurricanes,Pittsburgh Penguins
2025-12-30,New York Islanders,Chicago Blackhawks
2025-12-30,Philadelphia Flyers,Vancouver Canucks
2025-12-31,New York Rangers,Washington Capitals
2025-12-31,Nashville Predators,Vegas Golden Knights
2025-12-31,Tampa Bay Lightning,Anaheim Ducks
2025-12-31,Minnesota Wild,San Jose Sharks
2025-12-31,Winnipeg Jets,Detroit Red Wings
2025-12-31,New Jersey Devils,Columbus Blue Jackets
2025-12-31,Buffalo Sabres,Dallas Stars
2025-12-31,St. Louis Blues,Colorado Avalanche
2025-12-31,Philadelphia Flyers,Calgary Flames
2025-12-31,Boston Bruins,Edmonton Oilers
2026-01-01,Washington Capitals,Ottawa Senators
2026-01-01,Utah Mammoth,New York Islanders
2026-01-01,Winnipeg Jets,Toronto Maple Leafs
2026-01-01,Detroit Red Wings,Pittsburgh Penguins
2026-01-01,Montreal Canadiens,Carolina Hurricanes
2026-01-01,Dallas Stars,Chicago Blackhawks
2026-01-01,Nashville Predators,Seattle Kraken
2026-01-01,Tampa Bay Lightning,Los Angeles Kings
2026-01-02,Vegas Golden Knights,St. Louis Blues
2026-01-02,New York Rangers,Florida Panthers
2026-01-02,Seattle Kraken,Vancouver Canucks
2026-01-02,Minnesota Wild,Anaheim Ducks
2026-01-03,Pittsburgh Penguins,Detroit Red Wings
2026-01-03,Utah Mammoth,New Jersey Devils
2026-01-03,Buffalo Sabres,Columbus Blue Jackets
2026-01-03,Philadelphia Flyers,Edmonton Oilers
2026-01-03,Montreal Canadiens,St. Louis Blues
2026-01-03,Tampa Bay Lightning,San Jose Sharks
2026-01-03,Winnipeg Jets,Ottawa Senators
2026-01-03,Toronto Maple Leafs,New York Islanders
2026-01-03,Chicago Blackhawks,Washington Capitals
2026-01-03,Colorado Avalanche,Carolina Hurricanes
2026-01-03,Nashville Predators,Calgary Flames
2026-01-03,Minnesota Wild,Los Angeles Kings
2026-01-03,Boston Bruins,Vancouver Canucks
2026-01-04,Montreal Canadiens,Dallas Stars
2026-01-04,Pittsburgh Penguins,Columbus Blue Jackets
2026-01-04,Colorado Avalanche,Florida Panthers
2026-01-04,Carolina Hurricanes,New Jersey Devils
2026-01-04,Vegas Golden Knights,Chicago Blackhawks
2026-01-05,Utah Mammoth,New York Rangers
2026-01-05,Anaheim Ducks,Washington Capitals
2026-01-05,Detroit Red Wings,Ottawa Senators
2026-01-05,Seattle Kraken,Calgary Flames
2026-01-05,Minnesota Wild,Los Angeles Kings
2026-01-06,Vancouver Canucks,Buffalo Sabres
2026-01-06,Colorado Avalanche,Tampa Bay Lightning
2026-01-06,New Jersey Devils,New York Islanders
2026-01-06,Anaheim Ducks,Philadelphia Flyers
2026-01-06,Dallas Stars,Carolina Hurricanes
2026-01-06,Florida Panthers,Toronto Maple Leafs
2026-01-06,Vegas Golden Knights,Winnipeg Jets
2026-01-06,Nashville Predators,Edmonton Oilers
2026-01-06,Columbus Blue Jackets,San Jose Sharks
2026-01-06,Boston Bruins,Seattle Kraken
2026-01-07,Dallas Stars,Washington Capitals
2026-01-07,Calgary Flames,Montreal Canadiens
2026-01-07,St. Louis Blues,Chicago Blackhawks
2026-01-07,Ottawa Senators,Utah Mammoth
2026-01-07,San Jose Sharks,Los Angeles Kings
2026-01-08,Calgary Flames,Boston Bruins
2026-01-08,Florida Panthers,Montreal Canadiens
2026-01-08,Vancouver Canucks,Detroit Red Wings
2026-01-08,Buffalo Sabres,New York Rangers
2026-01-08,Toronto Maple Leafs,Philadelphia Flyers
2026-01-08,New Jersey Devils,Pittsburgh Penguins
2026-01-08,Anaheim Ducks,Carolina Hurricanes
2026-01-08,New York Islanders,Nashville Predators
2026-01-08,Edmonton Oilers,Winnipeg Jets
2026-01-08,Ottawa Senators,Colorado Avalanche
2026-01-08,Columbus Blue Jackets,Vegas Golden Knights
2026-01-08,Minnesota Wild,Seattle Kraken
2026-01-09,Washington Capitals,Chicago Blackhawks
2026-01-09,Los Angeles Kings,Winnipeg Jets
2026-01-09,St. Louis Blues,Utah Mammoth
2026-01-10,New York Rangers,Boston Bruins
2026-01-10,Calgary Flames,Pittsburgh Penguins
2026-01-10,Columbus Blue Jackets,Colorado Avalanche
2026-01-10,Dallas Stars,San Jose Sharks
2026-01-10,Anaheim Ducks,Buffalo Sabres
2026-01-10,Vancouver Canucks,Toronto Maple Leafs
2026-01-10,Detroit Red Wings,Montreal Canadiens
2026-01-10,Florida Panthers,Ottawa Senators
2026-01-10,Tampa Bay Lightning,Philadelphia Flyers
2026-01-10,Seattle Kraken,Carolina Hurricanes
2026-01-10,Chicago Blackhawks,Nashville Predators
2026-01-10,New York Islanders,Minnesota Wild
2026-01-10,Los Angeles Kings,Edmonton Oilers
2026-01-10,St. Louis Blues,Vegas Golden Knights
2026-01-11,New Jersey Devils,Winnipeg Jets
2026-01-11,Pittsburgh Penguins,Boston Bruins
2026-01-11,Washington Capitals,Nashville Predators
2026-01-11,Columbus Blue Jackets,Utah Mammoth
2026-01-11,Vegas Golden Knights,San Jose Sharks
2026-01-12,Florida Panthers,Buffalo Sabres
2026-01-12,Carolina Hurricanes,Detroit Red Wings
2026-01-12,Seattle Kraken,New York Rangers
2026-01-12,Tampa Bay Lightning,Philadelphia Flyers
2026-01-12,Vancouver Canucks,Montreal Canadiens
2026-01-12,New Jersey Devils,Minnesota Wild
2026-01-12,Edmonton Oilers,Chicago Blackhawks
2026-01-12,Toronto Maple Leafs,Colorado Avalanche
2026-01-12,Dallas Stars,Los Angeles Kings
2026-01-13,Vancouver Canucks,Ottawa Senators
2026-01-13,Tampa Bay Lightning,Pittsburgh Penguins
2026-01-13,Montreal Canadiens,Washington Capitals
2026-01-13,Calgary Flames,Columbus Blue Jackets
2026-01-13,Detroit Red Wings,Boston Bruins
2026-01-13,Carolina Hurricanes,St. Louis Blues
2026-01-13,Edmonton Oilers,Nashville Predators
2026-01-13,New York Islanders,Winnipeg Jets
2026-01-13,Toronto Maple Leafs,Utah Mammoth
2026-01-13,Dallas Stars,Anaheim Ducks
2026-01-14,Seattle Kraken,New Jersey Devils
2026-01-14,Philadelphia Flyers,Buffalo Sabres
2026-01-14,Ottawa Senators,New York Rangers
2026-01-14,Vegas Golden Knights,Los Angeles Kings
2026-01-15,Seattle Kraken,Boston Bruins
2026-01-15,Montreal Canadiens,Buffalo Sabres
2026-01-15,Philadelphia Flyers,Pittsburgh Penguins
2026-01-15,San Jose Sharks,Washington Capitals
2026-01-15,Vancouver Canucks,Columbus Blue Jackets
2026-01-15,Winnipeg Jets,Minnesota Wild
2026-01-15,Calgary Flames,Chicago Blackhawks
2026-01-15,Dallas Stars,Utah Mammoth
2026-01-15,New York Islanders,Edmonton Oilers
2026-01-15,Toronto Maple Leafs,Vegas Golden Knights
2026-01-16,San Jose Sharks,Detroit Red Wings
2026-01-16,Florida Panthers,Carolina Hurricanes
2026-01-16,Tampa Bay Lightning,St. Louis Blues
2026-01-16,Nashville Predators,Colorado Avalanche
2026-01-16,Anaheim Ducks,Los Angeles Kings
2026-01-17,Minnesota Wild,Buffalo Sabres
2026-01-17,New York Rangers,Philadelphia Flyers
2026-01-17,New York Islanders,Calgary Flames
2026-01-17,Seattle Kraken,Utah Mammoth
2026-01-17,Montreal Canadiens,Ottawa Senators
2026-01-17,Carolina Hurricanes,New Jersey Devils
2026-01-17,Columbus Blue Jackets,Pittsburgh Penguins
2026-01-17,Florida Panthers,Washington Capitals
2026-01-17,Toronto Maple Leafs,Winnipeg Jets
2026-01-17,Boston Bruins,Chicago Blackhawks
2026-01-17,Edmonton Oilers,Vancouver Canucks
2026-01-17,Nashville Predators,Vegas Golden Knights
2026-01-17,Los Angeles Kings,Anaheim Ducks
2026-01-18,Tampa Bay Lightning,Dallas Stars
2026-01-18,Ottawa Senators,Detroit Red Wings
2026-01-18,St. Louis Blues,Edmonton Oilers
2026-01-19,Buffalo Sabres,Carolina Hurricanes
2026-01-19,Washington Capitals,Colorado Avalanche
2026-01-19,Pittsburgh Penguins,Seattle Kraken
2026-01-19,San Jose Sharks,Florida Panthers
2026-01-19,Minnesota Wild,Toronto Maple Leafs
2026-01-19,Philadelphia Flyers,Vegas Golden Knights
2026-01-19,Winnipeg Jets,Chicago Blackhawks
2026-01-19,New Jersey Devils,Calgary Flames
2026-01-19,New York Islanders,Vancouver Canucks
2026-01-19,New York Rangers,Anaheim Ducks
2026-01-20,Minnesota Wild,Montreal Canadiens
2026-01-20,San Jose Sharks,Tampa Bay Lightning
2026-01-20,Ottawa Senators,Columbus Blue Jackets
2026-01-20,Boston Bruins,Dallas Stars
2026-01-20,Buffalo Sabres,Nashville Predators
2026-01-20,St. Louis Blues,Winnipeg Jets
2026-01-20,New Jersey Devils,Edmonton Oilers
2026-01-20,New York Rangers,Los Angeles Kings
2026-01-21,Detroit Red Wings,Toronto Maple Leafs
2026-01-21,Anaheim Ducks,Colorado Avalanche
2026-01-21,Philadelphia Flyers,Utah Mammoth
2026-01-21,Pittsburgh Penguins,Calgary Flames
2026-01-21,Washington Capitals,Vancouver Canucks
2026-01-21,New York Islanders,Seattle Kraken
2026-01-22,Vegas Golden Knights,Boston Bruins
2026-01-22,Buffalo Sabres,Montreal Canadiens
2026-01-22,Chicago Blackhawks,Carolina Hurricanes
2026-01-22,Dallas Stars,Columbus Blue Jackets
2026-01-22,Ottawa Senators,Nashville Predators
2026-01-22,Florida Panthers,Winnipeg Jets
2026-01-22,Pittsburgh Penguins,Edmonton Oilers
2026-01-22,Detroit Red Wings,Minnesota Wild
2026-01-23,Vegas Golden Knights,Toronto Maple Leafs
2026-01-23,Tampa Bay Lightning,Chicago Blackhawks
2026-01-23,St. Louis Blues,Dallas Stars
2026-01-23,Philadelphia Flyers,Colorado Avalanche
2026-01-23,Washington Capitals,Calgary Flames
2026-01-23,New Jersey Devils,Vancouver Canucks
2026-01-23,New York Rangers,San Jose Sharks
2026-01-23,Anaheim Ducks,Seattle Kraken
2026-01-24,Buffalo Sabres,New York Islanders
2026-01-24,Utah Mammoth,Nashville Predators
2026-01-24,Montreal Canadiens,Boston Bruins
2026-01-24,Carolina Hurricanes,Ottawa Senators
2026-01-24,Tampa Bay Lightning,Columbus Blue Jackets
2026-01-24,Detroit Red Wings,Winnipeg Jets
2026-01-24,Los Angeles Kings,St. Louis Blues
2026-01-24,Florida Panthers,Minnesota Wild
2026-01-24,Washington Capitals,Edmonton Oilers
2026-01-25,Colorado Avalanche,Toronto Maple Leafs
2026-01-25,New Jersey Devils,Seattle Kraken
2026-01-25,Vegas Golden Knights,Ottawa Senators
2026-01-25,Pittsburgh Penguins,Vancouver Canucks
2026-01-25,Florida Panthers,Chicago Blackhawks
2026-01-25,Anaheim Ducks,Calgary Flames
2026-01-26,Utah Mammoth,Tampa Bay Lightning
2026-01-26,Boston Bruins,New York Rangers
2026-01-26,New York Islanders,Philadelphia Flyers
2026-01-26,Los Angeles Kings,Columbus Blue Jackets
2026-01-26,Anaheim Ducks,Edmonton Oilers
2026-01-27,Nashville Predators,Boston Bruins
2026-01-27,Buffalo Sabres,Toronto Maple Leafs
2026-01-27,Vegas Golden Knights,Montreal Canadiens
2026-01-27,Los Angeles Kings,Detroit Red Wings
2026-01-27,Utah Mammoth,Florida Panthers
2026-01-27,Winnipeg Jets,New Jersey Devils
2026-01-27,Dallas Stars,St. Louis Blues
2026-01-27,Chicago Blackhawks,Minnesota Wild
2026-01-27,San Jose Sharks,Vancouver Canucks
2026-01-27,Washington Capitals,Seattle Kraken
2026-01-28,Philadelphia Flyers,Columbus Blue Jackets
2026-01-28,Colorado Avalanche,Ottawa Senators
2026-01-28,New York Rangers,New York Islanders
2026-01-29,Philadelphia Flyers,Boston Bruins
2026-01-29,Los Angeles Kings,Buffalo Sabres
2026-01-29,Colorado Avalanche,Montreal Canadiens
2026-01-29,Washington Capitals,Detroit Red Wings
2026-01-29,Winnipeg Jets,Tampa Bay Lightning
2026-01-29,Nashville Predators,New Jersey Devils
2026-01-29,New York Islanders,New York Rangers
2026-01-29,Chicago Blackhawks,Pittsburgh Penguins
2026-01-29,Utah Mammoth,Carolina Hurricanes
2026-01-29,Florida Panthers,St. Louis Blues
2026-01-29,Calgary Flames,Minnesota Wild
2026-01-29,San Jose Sharks,Edmonton Oilers
2026-01-29,Anaheim Ducks,Vancouver Canucks
2026-01-29,Dallas Stars,Vegas Golden Knights
2026-01-29,Toronto Maple Leafs,Seattle Kraken
2026-01-30,Columbus Blue Jackets,Chicago Blackhawks
2026-01-31,Los Angeles Kings,Philadelphia Flyers
2026-01-31,Colorado Avalanche,Detroit Red Wings
2026-01-31,New York Rangers,Pittsburgh Penguins
2026-01-31,Winnipeg Jets,Florida Panthers
2026-01-31,San Jose Sharks,Calgary Flames
2026-01-31,Carolina Hurricanes,Washington Capitals
2026-01-31,Montreal Canadiens,Buffalo Sabres
2026-01-31,New Jersey Devils,Ottawa Senators
2026-01-31,Nashville Predators,New York Islanders
2026-01-31,Columbus Blue Jackets,St. Louis Blues
2026-01-31,Toronto Maple Leafs,Vancouver Canucks
2026-01-31,Dallas Stars,Utah Mammoth
2026-01-31,Minnesota Wild,Edmonton Oilers
2026-01-31,Seattle Kraken,Vegas Golden Knights
2026-02-01,Boston Bruins,Tampa Bay Lightning
2026-02-01,Los Angeles Kings,Carolina Hurricanes
2026-02-01,Vegas Golden Knights,Anaheim Ducks
2026-02-02,Buffalo Sabres,Florida Panthers
2026-02-02,Ottawa Senators,Pittsburgh Penguins
2026-02-02,New York Islanders,Washington Capitals
2026-02-02,Montreal Canadiens,Minnesota Wild
2026-02-02,St. Louis Blues,Nashville Predators
2026-02-02,San Jose Sharks,Chicago Blackhawks
2026-02-02,Winnipeg Jets,Dallas Stars
2026-02-02,Detroit Red Wings,Colorado Avalanche
2026-02-02,Vancouver Canucks,Utah Mammoth
2026-02-02,Toronto Maple Leafs,Calgary Flames
2026-02-03,Buffalo Sabres,Tampa Bay Lightning
2026-02-03,Columbus Blue Jackets,New Jersey Devils
2026-02-03,Pittsburgh Penguins,New York Islanders
2026-02-03,Washington Capitals,Philadelphia Flyers
2026-02-03,Ottawa Senators,Carolina Hurricanes
2026-02-03,Toronto Maple Leafs,Edmonton Oilers
2026-02-03,Seattle Kraken,Anaheim Ducks
2026-02-04,Boston Bruins,Florida Panthers
2026-02-04,Chicago Blackhawks,Columbus Blue Jackets
2026-02-04,Montreal Canadiens,Winnipeg Jets
2026-02-04,Minnesota Wild,Nashville Predators
2026-02-04,San Jose Sharks,Colorado Avalanche
2026-02-04,Detroit Red Wings,Utah Mammoth
2026-02-04,St. Louis Blues,Dallas Stars
2026-02-04,Edmonton Oilers,Calgary Flames
2026-02-04,Vancouver Canucks,Vegas Golden Knights
2026-02-04,Seattle Kraken,Los Angeles Kings
2026-02-05,Pittsburgh Penguins,Buffalo Sabres
2026-02-05,Florida Panthers,Tampa Bay Lightning
2026-02-05,New York Islanders,New Jersey Devils
2026-02-05,Carolina Hurricanes,New York Rangers
2026-02-05,Ottawa Senators,Philadelphia Flyers
2026-02-05,Nashville Predators,Washington Capitals
2026-02-05,Los Angeles Kings,Vegas Golden Knights
2026-02-25,Buffalo Sabres,New Jersey Devils
2026-02-25,Philadelphia Flyers,Washington Capitals
2026-02-25,Toronto Maple Leafs,Tampa Bay Lightning
2026-02-25,Seattle Kraken,Dallas Stars
2026-02-25,Colorado Avalanche,Utah Mammoth
2026-02-25,Winnipeg Jets,Vancouver Canucks
2026-02-25,Vegas Golden Knights,Los Angeles Kings
2026-02-25,Edmonton Oilers,Anaheim Ducks
2026-02-26,Columbus Blue Jackets,Boston Bruins
2026-02-26,New York Islanders,Montreal Canadiens
2026-02-26,Detroit Red Wings,Ottawa Senators
2026-02-26,Toronto Maple Leafs,Florida Panthers
2026-02-26,New Jersey Devils,Pittsburgh Penguins
2026-02-26,Tampa Bay Lightning,Carolina Hurricanes
2026-02-26,Philadelphia Flyers,New York Rangers
2026-02-26,Seattle Kraken,St. Louis Blues
2026-02-26,Chicago Blackhawks,Nashville Predators
2026-02-26,Minnesota Wild,Colorado Avalanche
2026-02-26,Calgary Flames,San Jose Sharks
2026-02-26,Edmonton Oilers,Los Angeles Kings
2026-02-27,Buffalo Sabres,Florida Panthers
2026-02-27,Vegas Golden Knights,Washington Capitals
2026-02-27,Minnesota Wild,Utah Mammoth
2026-02-27,Winnipeg Jets,Anaheim Ducks
2026-02-28,Pittsburgh Penguins,New York Rangers
2026-02-28,Boston Bruins,Philadelphia Flyers
2026-02-28,Edmonton Oilers,San Jose Sharks
2026-02-28,New York Islanders,Columbus Blue Jackets
2026-02-28,Chicago Blackhawks,Colorado Avalanche
2026-02-28,Ottawa Senators,Toronto Maple Leafs
2026-02-28,Washington Capitals,Montreal Canadiens
2026-02-28,Buffalo Sabres,Tampa Bay Lightning
2026-02-28,Detroit Red Wings,Carolina Hurricanes
2026-02-28,New Jersey Devils,St. Louis Blues
2026-02-28,Calgary Flames,Los Angeles Kings
2026-02-28,Nashville Predators,Dallas Stars
2026-02-28,Vancouver Canucks,Seattle Kraken
2026-03-01,Vegas Golden Knights,Pittsburgh Penguins
2026-03-01,Florida Panthers,New York Islanders
2026-03-01,Chicago Blackhawks,Utah Mammoth
2026-03-01,Winnipeg Jets,San Jose Sharks
2026-03-01,St. Louis Blues,Minnesota Wild
2026-03-01,Calgary Flames,Anaheim Ducks
2026-03-02,Columbus Blue Jackets,New York Rangers
2026-03-02,Philadelphia Flyers,Toronto Maple Leafs
2026-03-02,Detroit Red Wings,Nashville Predators
2026-03-02,Dallas Stars,Vancouver Canucks
2026-03-02,Carolina Hurricanes,Seattle Kraken
2026-03-02,Colorado Avalanche,Los Angeles Kings
2026-03-03,Pittsburgh Penguins,Boston Bruins
2026-03-03,Vegas Golden Knights,Buffalo Sabres
2026-03-03,Florida Panthers,New Jersey Devils
2026-03-03,Utah Mammoth,Washington Capitals
2026-03-03,Nashville Predators,Columbus Blue Jackets
2026-03-03,Chicago Blackhawks,Winnipeg Jets
2026-03-03,Dallas Stars,Calgary Flames
2026-03-03,Ottawa Senators,Edmonton Oilers
2026-03-03,Tampa Bay Lightning,Minnesota Wild
2026-03-03,Colorado Avalanche,Anaheim Ducks
2026-03-03,Montreal Canadiens,San Jose Sharks
2026-03-04,Vegas Golden Knights,Detroit Red Wings
2026-03-04,Toronto Maple Leafs,New Jersey Devils
2026-03-04,Carolina Hurricanes,Vancouver Canucks
2026-03-04,New York Islanders,Anaheim Ducks
2026-03-04,St. Louis Blues,Seattle Kraken
2026-03-05,Toronto Maple Leafs,New York Rangers
2026-03-05,Utah Mammoth,Philadelphia Flyers
2026-03-05,Buffalo Sabres,Pittsburgh Penguins
2026-03-05,Florida Panthers,Columbus Blue Jackets
2026-03-05,Boston Bruins,Nashville Predators
2026-03-05,Tampa Bay Lightning,Winnipeg Jets
2026-03-05,Ottawa Senators,Calgary Flames
2026-03-05,New York Islanders,Los Angeles Kings
2026-03-06,Florida Panthers,Detroit Red Wings
2026-03-06,Colorado Avalanche,Dallas Stars
2026-03-06,Vancouver Canucks,Chicago Blackhawks
2026-03-06,Carolina Hurricanes,Edmonton Oilers
2026-03-06,Montreal Canadiens,Anaheim Ducks
2026-03-06,Minnesota Wild,Vegas Golden Knights
2026-03-06,St. Louis Blues,San Jose Sharks
2026-03-07,Washington Capitals,Boston Bruins
2026-03-07,New York Rangers,New Jersey Devils
2026-03-07,Nashville Predators,Buffalo Sabres
2026-03-07,Philadelphia Flyers,Pittsburgh Penguins
2026-03-07,Tampa Bay Lightning,Toronto Maple Leafs
2026-03-07,Utah Mammoth,Columbus Blue Jackets
2026-03-07,Vancouver Canucks,Winnipeg Jets
2026-03-07,Montreal Canadiens,Los Angeles Kings
2026-03-07,Carolina Hurricanes,Calgary Flames
2026-03-07,New York Islanders,San Jose Sharks
2026-03-07,Ottawa Senators,Seattle Kraken
2026-03-08,Minnesota Wild,Colorado Avalanche
2026-03-08,Boston Bruins,Pittsburgh Penguins
2026-03-08,Tampa Bay Lightning,Buffalo Sabres
2026-03-08,Chicago Blackhawks,Dallas Stars
2026-03-08,Detroit Red Wings,New Jersey Devils
2026-03-08,St. Louis Blues,Anaheim Ducks
2026-03-08,Edmonton Oilers,Vegas Golden Knights
2026-03-09,New York Rangers,Philadelphia Flyers
2026-03-09,Calgary Flames,Washington Capitals
2026-03-09,Utah Mammoth,Chicago Blackhawks
2026-03-09,Ottawa Senators,Vancouver Canucks
2026-03-10,Los Angeles Kings,Boston Bruins
2026-03-10,San Jose Sharks,Buffalo Sabres
2026-03-10,Toronto Maple Leafs,Montreal Canadiens
2026-03-10,Columbus Blue Jackets,Tampa Bay Lightning
2026-03-10,Detroit Red Wings,Florida Panthers
2026-03-10,Calgary Flames,New York Rangers
2026-03-10,Pittsburgh Penguins,Carolina Hurricanes
2026-03-10,New York Islanders,St. Louis Blues
2026-03-10,Vegas Golden Knights,Dallas Stars
2026-03-10,Utah Mammoth,Minnesota Wild
2026-03-10,Anaheim Ducks,Winnipeg Jets
2026-03-10,Edmonton Oilers,Colorado Avalanche
2026-03-10,Nashville Predators,Seattle Kraken
2026-03-11,Montreal Canadiens,Ottawa Senators
2026-03-11,Washington Capitals,Philadelphia Flyers
2026-03-12,San Jose Sharks,Boston Bruins
2026-03-12,Washington Capitals,Buffalo Sabres
2026-03-12,Anaheim Ducks,Toronto Maple Leafs
2026-03-12,Detroit Red Wings,Tampa Bay Lightning
2026-03-12,Columbus Blue Jackets,Florida Panthers
2026-03-12,Calgary Flames,New Jersey Devils
2026-03-12,St. Louis Blues,Carolina Hurricanes
2026-03-12,Edmonton Oilers,Dallas Stars
2026-03-12,Philadelphia Flyers,Minnesota Wild
2026-03-12,New York Rangers,Winnipeg Jets
2026-03-12,Chicago Blackhawks,Utah Mammoth
2026-03-12,Nashville Predators,Vancouver Canucks
2026-03-12,Pittsburgh Penguins,Vegas Golden Knights
2026-03-12,Colorado Avalanche,Seattle Kraken
2026-03-13,Los Angeles Kings,New York Islanders
2026-03-13,Edmonton Oilers,St. Louis Blues
2026-03-14,Anaheim Ducks,Ottawa Senators
2026-03-14,Boston Bruins,Washington Capitals
2026-03-14,Colorado Avalanche,Winnipeg Jets
2026-03-14,New York Rangers,Minnesota Wild
2026-03-14,Toronto Maple Leafs,Buffalo Sabres
2026-03-14,San Jose Sharks,Montreal Canadiens
2026-03-14,Carolina Hurricanes,Tampa Bay Lightning
2026-03-14,Los Angeles Kings,New Jersey Devils
2026-03-14,Calgary Flames,New York Islanders
2026-03-14,Columbus Blue Jackets,Philadelphia Flyers
2026-03-14,Detroit Red Wings,Dallas Stars
2026-03-14,Pittsburgh Penguins,Utah Mammoth
2026-03-14,Seattle Kraken,Vancouver Canucks
2026-03-14,Chicago Blackhawks,Vegas Golden Knights
2026-03-15,St. Louis Blues,Winnipeg Jets
2026-03-15,San Jose Sharks,Ottawa Senators
2026-03-15,Anaheim Ducks,Montreal Canadiens
2026-03-15,Toronto Maple Leafs,Minnesota Wild
2026-03-15,Nashville Predators,Edmonton Oilers
2026-03-15,Florida Panthers,Seattle Kraken
2026-03-16,Calgary Flames,Detroit Red Wings
2026-03-16,Boston Bruins,New Jersey Devils
2026-03-16,Los Angeles Kings,New York Rangers
2026-03-16,Utah Mammoth,Dallas Stars
2026-03-16,Pittsburgh Penguins,Colorado Avalanche
2026-03-17,New York Islanders,Toronto Maple Leafs
2026-03-17,Boston Bruins,Montreal Canadiens
2026-03-17,Carolina Hurricanes,Columbus Blue Jackets
2026-03-17,Nashville Predators,Winnipeg Jets
2026-03-17,Minnesota Wild,Chicago Blackhawks
2026-03-17,San Jose Sharks,Edmonton Oilers
2026-03-17,Florida Panthers,Vancouver Canucks
2026-03-17,Buffalo Sabres,Vegas Golden Knights
2026-03-17,Tampa Bay Lightning,Seattle Kraken
2026-03-18,New Jersey Devils,New York Rangers
2026-03-18,Pittsburgh Penguins,Carolina Hurricanes
2026-03-18,Ottawa Senators,Washington Capitals
2026-03-18,Dallas Stars,Colorado Avalanche
2026-03-18,St. Louis Blues,Calgary Flames
2026-03-18,Philadelphia Flyers,Anaheim Ducks
2026-03-19,Winnipeg Jets,Boston Bruins
2026-03-19,New York Islanders,Ottawa Senators
2026-03-19,Montreal Canadiens,Detroit Red Wings
2026-03-19,New York Rangers,Columbus Blue Jackets
2026-03-19,Seattle Kraken,Nashville Predators
2026-03-19,Chicago Blackhawks,Minnesota Wild
2026-03-19,Florida Panthers,Edmonton Oilers
2026-03-19,Tampa Bay Lightning,Vancouver Canucks
2026-03-19,Utah Mammoth,Vegas Golden Knights
2026-03-19,Buffalo Sabres,San Jose Sharks
2026-03-19,Philadelphia Flyers,Los Angeles Kings
2026-03-20,Carolina Hurricanes,Toronto Maple Leafs
2026-03-20,New Jersey Devils,Washington Capitals
2026-03-20,Colorado Avalanche,Chicago Blackhawks
2026-03-20,Florida Panthers,Calgary Flames
2026-03-20,Anaheim Ducks,Utah Mammoth
2026-03-21,Winnipeg Jets,Pittsburgh Penguins
2026-03-21,Vegas Golden Knights,Nashville Predators
2026-03-21,Dallas Stars,Minnesota Wild
2026-03-21,Buffalo Sabres,Los Angeles Kings
2026-03-21,Philadelphia Flyers,San Jose Sharks
2026-03-21,Seattle Kraken,Columbus Blue Jackets
2026-03-21,New York Islanders,Montreal Canadiens
2026-03-21,Toronto Maple Leafs,Ottawa Senators
2026-03-21,St. Louis Blues,Vancouver Canucks
2026-03-21,Boston Bruins,Detroit Red Wings
2026-03-21,Tampa Bay Lightning,Edmonton Oilers
2026-03-22,Winnipeg Jets,New York Rangers
2026-03-22,Colorado Avalanche,Washington Capitals
2026-03-22,Carolina Hurricanes,Pittsburgh Penguins
2026-03-22,Nashville Predators,Chicago Blackhawks
2026-03-22,Columbus Blue Jackets,New York Islanders
2026-03-22,Vegas Golden Knights,Dallas Stars
2026-03-22,Tampa Bay Lightning,Calgary Flames
2026-03-22,Buffalo Sabres,Anaheim Ducks
2026-03-22,Los Angeles Kings,Utah Mammoth
2026-03-23,Ottawa Senators,New York Rangers
2026-03-24,Toronto Maple Leafs,Boston Bruins
2026-03-24,Carolina Hurricanes,Montreal Canadiens
2026-03-24,Ottawa Senators,Detroit Red Wings
2026-03-24,Seattle Kraken,Florida Panthers
2026-03-24,Chicago Blackhawks,New York Islanders
2026-03-24,Columbus Blue Jackets,Philadelphia Flyers
2026-03-24,Colorado Avalanche,Pittsburgh Penguins
2026-03-24,Minnesota Wild,Tampa Bay Lightning
2026-03-24,Washington Capitals,St. Louis Blues
2026-03-24,San Jose Sharks,Nashville Predators
2026-03-24,New Jersey Devils,Dallas Stars
2026-03-24,Vegas Golden Knights,Winnipeg Jets
2026-03-24,Edmonton Oilers,Utah Mammoth
2026-03-24,Los Angeles Kings,Calgary Flames
2026-03-24,Anaheim Ducks,Vancouver Canucks
2026-03-25,Boston Bruins,Buffalo Sabres
2026-03-25,New York Rangers,Toronto Maple Leafs
2026-03-26,Columbus Blue Jackets,Montreal Canadiens
2026-03-26,Pittsburgh Penguins,Ottawa Senators
2026-03-26,Seattle Kraken,Tampa Bay Lightning
2026-03-26,Minnesota Wild,Florida Panthers
2026-03-26,Dallas Stars,New York Islanders
2026-03-26,Chicago Blackhawks,Philadelphia Flyers
2026-03-26,San Jose Sharks,St. Louis Blues
2026-03-26,New Jersey Devils,Nashville Predators
2026-03-26,Colorado Avalanche,Winnipeg Jets
2026-03-26,Washington Capitals,Utah Mammoth
2026-03-26,Anaheim Ducks,Calgary Flames
2026-03-26,Edmonton Oilers,Vegas Golden Knights
2026-03-26,Los Angeles Kings,Vancouver Canucks
2026-03-27,Detroit Red Wings,Buffalo Sabres
2026-03-27,Chicago Blackhawks,New York Rangers
2026-03-28,Ottawa Senators,Tampa Bay Lightning
2026-03-28,Florida Panthers,New York Islanders
2026-03-28,Anaheim Ducks,Edmonton Oilers
2026-03-28,Minnesota Wild,Boston Bruins
2026-03-28,Dallas Stars,Pittsburgh Penguins
2026-03-28,New Jersey Devils,Carolina Hurricanes
2026-03-28,San Jose Sharks,Columbus Blue Jackets
2026-03-28,Seattle Kraken,Buffalo Sabres
2026-03-28,Toronto Maple Leafs,St. Louis Blues
2026-03-28,Montreal Canadiens,Nashville Predators
2026-03-28,Winnipeg Jets,Colorado Avalanche
2026-03-28,Philadelphia Flyers,Detroit Red Wings
2026-03-28,Utah Mammoth,Los Angeles Kings
2026-03-28,Vancouver Canucks,Calgary Flames
2026-03-28,Washington Capitals,Vegas Golden Knights
2026-03-29,Florida Panthers,New York Rangers
2026-03-29,Nashville Predators,Tampa Bay Lightning
2026-03-29,Montreal Canadiens,Carolina Hurricanes
2026-03-29,Boston Bruins,Columbus Blue Jackets
2026-03-29,Chicago Blackhawks,New Jersey Devils
2026-03-29,Dallas Stars,Philadelphia Flyers
2026-03-30,Pittsburgh Penguins,New York Islanders
2026-03-30,Calgary Flames,Colorado Avalanche
2026-03-30,Vancouver Canucks,Vegas Golden Knights
2026-03-30,Toronto Maple Leafs,Anaheim Ducks
2026-03-30,St. Louis Blues,San Jose Sharks
2026-03-31,Dallas Stars,Boston Bruins
2026-03-31,New York Islanders,Buffalo Sabres
2026-03-31,Montreal Canadiens,Tampa Bay Lightning
2026-03-31,Ottawa Senators,Florida Panthers
2026-03-31,New Jersey Devils,New York Rangers
2026-03-31,Detroit Red Wings,Pittsburgh Penguins
2026-03-31,Philadelphia Flyers,Washington Capitals
2026-03-31,Carolina Hurricanes,Columbus Blue Jackets
2026-03-31,Winnipeg Jets,Chicago Blackhawks
2026-03-31,Seattle Kraken,Edmonton Oilers
2026-04-01,Vancouver Canucks,Colorado Avalanche
2026-04-01,St. Louis Blues,Los Angeles Kings
2026-04-01,Anaheim Ducks,San Jose Sharks
2026-04-02,Buffalo Sabres,Ottawa Senators
2026-04-02,Pittsburgh Penguins,Tampa Bay Lightning
2026-04-02,Boston Bruins,Florida Panthers
2026-04-02,Washington Capitals,New Jersey Devils
2026-04-02,Montreal Canadiens,New York Rangers
2026-04-02,Detroit Red Wings,Philadelphia Flyers
2026-04-02,Columbus Blue Jackets,Carolina Hurricanes
2026-04-02,Winnipeg Jets,Dallas Stars
2026-04-02,Vancouver Canucks,Minnesota Wild
2026-04-02,Chicago Blackhawks,Edmonton Oilers
2026-04-02,Calgary Flames,Vegas Golden Knights
2026-04-02,Toronto Maple Leafs,San Jose Sharks
2026-04-02,Utah Mammoth,Seattle Kraken
2026-04-02,Nashville Predators,Los Angeles Kings
2026-04-03,Philadelphia Flyers,New York Islanders
2026-04-03,St. Louis Blues,Anaheim Ducks
2026-04-04,Detroit Red Wings,New York Rangers
2026-04-04,Minnesota Wild,Ottawa Senators
2026-04-04,Colorado Avalanche,Dallas Stars
2026-04-04,Boston Bruins,Tampa Bay Lightning
2026-04-04,Florida Panthers,Pittsburgh Penguins
2026-04-04,Montreal Canadiens,New Jersey Devils
2026-04-04,Buffalo Sabres,Washington Capitals
2026-04-04,New York Islanders,Carolina Hurricanes
2026-04-04,Winnipeg Jets,Columbus Blue Jackets
2026-04-04,Utah Mammoth,Vancouver Canucks
2026-04-04,Toronto Maple Leafs,Los Angeles Kings
2026-04-04,Vegas Golden Knights,Edmonton Oilers
2026-04-04,Calgary Flames,Anaheim Ducks
2026-04-04,Nashville Predators,San Jose Sharks
2026-04-04,Chicago Blackhawks,Seattle Kraken
2026-04-05,Minnesota Wild,Detroit Red Wings
2026-04-05,Florida Panthers,Pittsburgh Penguins
2026-04-05,Boston Bruins,Philadelphia Flyers
2026-04-05,Carolina Hurricanes,Ottawa Senators
2026-04-05,New Jersey Devils,Montreal Canadiens
2026-04-05,Washington Capitals,New York Rangers
2026-04-05,St. Louis Blues,Colorado Avalanche
2026-04-06,Tampa Bay Lightning,Buffalo Sabres
2026-04-06,Seattle Kraken,Winnipeg Jets
2026-04-06,Chicago Blackhawks,San Jose Sharks
2026-04-06,Nashville Predators,Los Angeles Kings
2026-04-07,Florida Panthers,Montreal Canadiens
2026-04-07,Tampa Bay Lightning,Ottawa Senators
2026-04-07,Columbus Blue Jackets,Detroit Red Wings
2026-04-07,Philadelphia Flyers,New Jersey Devils
2026-04-07,Boston Bruins,Carolina Hurricanes
2026-04-07,Colorado Avalanche,St. Louis Blues
2026-04-07,Calgary Flames,Dallas Stars
2026-04-07,Seattle Kraken,Minnesota Wild
2026-04-07,Edmonton Oilers,Utah Mammoth
2026-04-07,Vegas Golden Knights,Vancouver Canucks
2026-04-07,Nashville Predators,Anaheim Ducks
2026-04-08,Buffalo Sabres,New York Rangers
2026-04-08,Washington Capitals,Toronto Maple Leafs
2026-04-08,Edmonton Oilers,San Jose Sharks
2026-04-09,Columbus Blue Jackets,Buffalo Sabres
2026-04-09,Tampa Bay Lightning,Montreal Canadiens
2026-04-09,Florida Panthers,Ottawa Senators
2026-04-09,Philadelphia Flyers,Detroit Red Wings
2026-04-09,Pittsburgh Penguins,New Jersey Devils
2026-04-09,Toronto Maple Leafs,New York Islanders
2026-04-09,Winnipeg Jets,St. Louis Blues
2026-04-09,Minnesota Wild,Dallas Stars
2026-04-09,Carolina Hurricanes,Chicago Blackhawks
2026-04-09,Calgary Flames,Colorado Avalanche
2026-04-09,Nashville Predators,Utah Mammoth
2026-04-09,San Jose Sharks,Anaheim Ducks
2026-04-09,Vegas Golden Knights,Seattle Kraken
2026-04-09,Vancouver Canucks,Los Angeles Kings
2026-04-11,Tampa Bay Lightning,Boston Bruins
2026-04-11,Ottawa Senators,New York Islanders
2026-04-11,Washington Capitals,Pittsburgh Penguins
2026-04-11,Edmonton Oilers,Los Angeles Kings
2026-04-11,New Jersey Devils,Detroit Red Wings
2026-04-11,St. Louis Blues,Chicago Blackhawks
2026-04-11,Minnesota Wild,Nashville Predators
2026-04-11,New York Rangers,Dallas Stars
2026-04-11,Carolina Hurricanes,Utah Mammoth
2026-04-11,Florida Panthers,Toronto Maple Leafs
2026-04-11,Columbus Blue Jackets,Montreal Canadiens
2026-04-11,Philadelphia Flyers,Winnipeg Jets
2026-04-11,Calgary Flames,Seattle Kraken
2026-04-11,Vegas Golden Knights,Colorado Avalanche
2026-04-11,Vancouver Canucks,San Jose Sharks
2026-04-12,Pittsburgh Penguins,Washington Capitals
2026-04-12,Montreal Canadiens,New York Islanders
2026-04-12,Boston Bruins,Columbus Blue Jackets
2026-04-12,Ottawa Senators,New Jersey Devils
2026-04-12,Vancouver Canucks,Anaheim Ducks
2026-04-12,Utah Mammoth,Calgary Flames
2026-04-13,Detroit Red Wings,Tampa Bay Lightning
2026-04-13,New York Rangers,Florida Panthers
2026-04-13,Carolina Hurricanes,Philadelphia Flyers
2026-04-13,Dallas Stars,Toronto Maple Leafs
2026-04-13,Minnesota Wild,St. Louis Blues
2026-04-13,San Jose Sharks,Nashville Predators
2026-04-13,Buffalo Sabres,Chicago Blackhawks
2026-04-13,Colorado Avalanche,Edmonton Oilers
2026-04-13,Winnipeg Jets,Vegas Golden Knights
2026-04-13,Los Angeles Kings,Seattle Kraken
2026-04-14,New Jersey Devils,Boston Bruins
2026-04-14,Carolina Hurricanes,New York Islanders
2026-04-14,Montreal Canadiens,Philadelphia Flyers
2026-04-14,Washington Capitals,Columbus Blue Jackets
2026-04-14,Anaheim Ducks,Minnesota Wild
2026-04-14,Winnipeg Jets,Utah Mammoth
2026-04-14,Colorado Avalanche,Calgary Flames
2026-04-14,Pittsburgh Penguins,St. Louis Blues
2026-04-14,Los Angeles Kings,Vancouver Canucks
2026-04-15,Dallas Stars,Buffalo Sabres
2026-04-15,New York Rangers,Tampa Bay Lightning
2026-04-15,Detroit Red Wings,Florida Panthers
2026-04-15,Toronto Maple Leafs,Ottawa Senators
2026-04-15,San Jose Sharks,Chicago Blackhawks
2026-04-15,Seattle Kraken,Vegas Golden Knights
2026-04-16,Anaheim Ducks,Nashville Predators
2026-04-16,San Jose Sharks,Winnipeg Jets
2026-04-16,St. Louis Blues,Utah Mammoth
2026-04-16,Los Angeles Kings,Calgary Flames
2026-04-16,Vancouver Canucks,Edmonton Oilers
2026-04-16,Seattle Kraken,Colorado Avalanche
